Name,Time
Dhairya,2025-02-10 21:41:41
Dhairya,2025-02-10 21:41:42
Dhairya,2025-02-10 21:41:42
Dhairya,2025-02-10 21:41:44
Dhairya,2025-02-10 21:41:44
Dhairya,2025-02-10 21:41:45
Dhairya,2025-02-10 21:41:46
Dhairya,2025-02-10 21:41:47
Dhairya,2025-02-10 21:41:48
Dhairya,2025-02-10 21:41:49
Dhairya,2025-02-10 21:41:50
Dhairya,2025-02-10 21:41:51
Dhairya,2025-02-10 21:41:52
Dhairya,2025-02-10 21:41:53
Dhairya,2025-02-10 21:41:54
Dhairya,2025-02-10 21:41:55
Dhairya,2025-02-10 21:41:56
Dhairya,2025-02-10 21:41:57
Dhairya,2025-02-10 21:41:58
Dhairya,2025-02-10 21:41:59
Dhairya,2025-02-10 21:42:00
Dhairya,2025-02-10 21:42:01
Dhairya,2025-02-10 21:49:38
Dhairya,2025-02-10 21:49:57
Donald Trump,2025-02-10 21:50:26
Elon Musk,2025-02-10 21:51:00
Dhairya,2025-02-10 21:56:52
Dhairya,2025-02-10 22:08:42
Dhairya,2025-02-10 22:11:53
Dhairya,2025-02-10 22:20:27
Dhairya,2025-02-10 22:23:34
Kejriwal,2025-02-10 22:23:45
Dhairya,2025-02-10 22:32:51
Dhairya,2025-02-10 22:35:11
Dhairya,2025-02-11 09:19:16
Dhairya,2025-02-11 09:47:21
Dhairya,2025-02-11 09:48:41
Dhairya,2025-02-11 09:54:34
Dhairya,2025-02-11 09:56:25
Gaurav,2025-02-11 10:08:43
Dhairya,2025-02-11 10:08:52
Kejriwal,2025-02-11 10:11:50
Dhairya,2025-02-11 10:12:01
Gaurav,2025-02-11 10:12:02
Dhairya,2025-02-11 10:14:38
